	analysis_name	metric	pvalue	pseudo-F
0	Zebra:0.0	aitchison	0.011	1.8284905702312817
1	Zebra:0.05	aitchison	0.002	2.1405379565731217
2	Zebra:0.1	aitchison	0.003	2.1504559350781114
3	Zebra:0.15	aitchison	0.002	2.2032584854850343
4	Zebra:0.2	aitchison	0.002	2.2226140156634067
5	Zebra:0.25	aitchison	0.003	2.2506046327546603
6	Zebra:0.3	aitchison	0.001	2.2611958787744615
7	Zebra:0.35	aitchison	0.001	2.282667771425615
8	Zebra:0.4	aitchison	0.001	2.2697937748369226
9	Zebra:0.45	aitchison	0.004	2.2716817673743845
10	Zebra:0.5	aitchison	0.002	2.309432713242571
11	Zebra:0.55	aitchison	0.001	2.3352027570533846
12	Zebra:0.6	aitchison	0.001	2.3460934993771314
13	Zebra:0.65	aitchison	0.002	2.362481186474074
14	Zebra:0.7	aitchison	0.001	2.3767703669635916
15	Zebra:0.75	aitchison	0.001	2.411228198939991
16	Zebra:0.8	aitchison	0.002	2.4554840735310517
17	Zebra:0.85	aitchison	0.001	2.4589028210530115
18	Zebra:0.9	aitchison	0.001	2.496985813799724
19	Zebra:0.95	aitchison	0.002	2.445934368743764
20	Zebra:0.96	aitchison	0.001	2.4009242741634496
21	Zebra:0.97	aitchison	0.001	2.4366066110882767
22	Zebra:0.98	aitchison	0.002	2.4333738110880354
23	Zebra:0.99	aitchison	0.005	2.2584679432569614
24	Zebra:0.999	aitchison	0.234	1.4061706134661327
