	analysis_name	metric	pvalue	pseudo-F
0	Zebra:0.0	aitchison	0.018	1.6378576588133138
1	Zebra:0.05	aitchison	0.007	1.7786658048890753
2	Zebra:0.1	aitchison	0.005	1.8072420553100912
3	Zebra:0.15	aitchison	0.006	1.8144038639702025
4	Zebra:0.2	aitchison	0.008	1.8241466739068648
5	Zebra:0.25	aitchison	0.004	1.831671644260961
6	Zebra:0.3	aitchison	0.003	1.8414795579134573
7	Zebra:0.35	aitchison	0.004	1.852848096657043
8	Zebra:0.4	aitchison	0.005	1.8600568839164562
9	Zebra:0.45	aitchison	0.007	1.872391953009192
10	Zebra:0.5	aitchison	0.005	1.8773215599134063
11	Zebra:0.55	aitchison	0.006	1.877386307204046
12	Zebra:0.6	aitchison	0.003	1.8843032762052767
13	Zebra:0.65	aitchison	0.005	1.8718500469777801
14	Zebra:0.7	aitchison	0.009	1.8690328077649676
15	Zebra:0.75	aitchison	0.004	1.864616696621909
16	Zebra:0.8	aitchison	0.004	1.846539476631896
17	Zebra:0.85	aitchison	0.008	1.805886422413828
18	Zebra:0.9	aitchison	0.009	1.7706801909117993
19	Zebra:0.95	aitchison	0.017	1.7082262378788797
20	Zebra:0.96	aitchison	0.01	1.739086982411745
21	Zebra:0.97	aitchison	0.014	1.7131299699360039
22	Zebra:0.98	aitchison	0.01	1.7050651364386167
23	Zebra:0.99	aitchison	0.041	1.549991453888471
24	Zebra:0.999	aitchison	0.17	1.4070700637310698
