	analysis_name	metric	pvalue	pseudo-F
1	Zebra:0.0	jaccard	0.001	2.7770551099788334
2	Zebra:0.05	jaccard	0.001	3.6101959461649105
3	Zebra:0.1	jaccard	0.001	3.7652141329085644
4	Zebra:0.15	jaccard	0.001	3.8322590434833295
5	Zebra:0.2	jaccard	0.001	3.8709616553098156
6	Zebra:0.25	jaccard	0.001	3.866844882954615
7	Zebra:0.3	jaccard	0.001	3.6683992245466452
8	Zebra:0.35	jaccard	0.001	3.7501129533497473
9	Zebra:0.4	jaccard	0.001	3.7035337397870585
10	Zebra:0.45	jaccard	0.001	3.7231183743339002
11	Zebra:0.5	jaccard	0.001	3.7077066623519177
12	Zebra:0.55	jaccard	0.001	3.707050239827618
13	Zebra:0.6	jaccard	0.001	3.7095064576774033
14	Zebra:0.65	jaccard	0.001	3.7266937496941677
15	Zebra:0.7	jaccard	0.001	3.6034997839120497
16	Zebra:0.75	jaccard	0.001	3.416595902214831
17	Zebra:0.8	jaccard	0.001	3.4044661722620706
18	Zebra:0.85	jaccard	0.001	3.4882162623122235
19	Zebra:0.9	jaccard	0.001	3.402058823120683
20	Zebra:0.95	jaccard	0.003	2.874217614119681
21	Zebra:0.96	jaccard	0.005	2.8392851613378234
22	Zebra:0.97	jaccard	0.021	2.3831502373937448
23	Zebra:0.98	jaccard	0.03	2.164513488941761
24	Zebra:0.99	jaccard	0.276	1.1898248669488516
25	Zebra:0.999	jaccard	0.042	2.999684714426982
