,Akkermansia sp. KLE16051131336-test,Akkermansia sp. CAG:3441262691-test,Akkermansia muciniphila CAG:1541263034-test,Akkermansia sp. KLE17971574264-test,Akkermansia sp. KLE17981574265-test,Akkermansia sp. UNK.MGS-11638783-test,Akkermansia glycaniphila1679444-test,Akkermansia sp. 54_461896967-test,Akkermansia sp. Phil81929996-test,Akkermansia muciniphila (239935)239935-test
0,0.5792349726775956,0.6174863387978142,0.6120218579234973,0.5792349726775956,0.5792349726775956,0.6338797814207651,0.6338797814207651,0.6338797814207651,0.5956284153005464,0.5737704918032787
