,Bacteroides vulgatusG000012825-test,Bdellovibrio bacteriovorusG001592745-test,Peptoniphilus sp. ING2-D1GG000952975-test,Faecalitalea cylindroidesG000210615-test,Faecalitalea cylindroidesG000469305-test,Firmicutes bacterium CAG:308G000434715-test,Fibrobacter sp. UWCMG900129735-test,Fibrobacter sp. UWOV1G900142495-test,Bacteroides vulgatus CAG:6G000438035-test,Akkermansia sp. CAG:344G000437075-test,Prevotella sp. AGR2160G000424185-test,Peptoniphilus sp. oral taxon 375G000221565-test,Coprobacter secundusG000803105-test,Prevotella copriG000157935-test,Bacteroides stercorisG000154525-test,Streptomyces griseoplanusG001418575-test,Bacteroides coprophilusG000157915-test,Selenomonas ruminantiumG000284095-test,Ruminococcus flavefaciensG900119535-test,Bacteroides fluxusG000195635-test,Prevotella stercoreaG000235885-test
0,0.4972677595628415,0.4808743169398907,0.46994535519125685,0.45901639344262296,0.46994535519125685,0.4972677595628415,0.5027322404371585,0.5191256830601093,0.4972677595628415,0.6174863387978142,0.47540983606557374,0.45901639344262296,0.5191256830601093,0.48633879781420764,0.45901639344262296,0.5027322404371585,0.5245901639344263,0.4371584699453552,0.5245901639344263,0.45901639344262296,0.5027322404371585
