,Bacteroides vulgatusG000012825-test,Bdellovibrio bacteriovorusG001592745-test,Peptoniphilus sp. ING2-D1GG000952975-test,Akkermansia sp. CAG:344G000437075-test,Prevotella sp. AGR2160G000424185-test,Peptoniphilus sp. oral taxon 375G000221565-test
0,0.4972677595628415,0.4808743169398907,0.46994535519125685,0.6174863387978142,0.47540983606557374,0.45901639344262296
