	analysis_name	metric	pvalue	pseudo-F
0	Zebra:0.0	aitchison	0.003	2.149857301097887
1	Zebra:0.05	aitchison	0.004	2.1233491517488123
2	Zebra:0.1	aitchison	0.006	2.160168118239466
3	Zebra:0.15	aitchison	0.001	2.214816567090659
4	Zebra:0.2	aitchison	0.002	2.2281338073163424
5	Zebra:0.25	aitchison	0.004	2.234052788704179
6	Zebra:0.3	aitchison	0.003	2.2301282590393012
7	Zebra:0.35	aitchison	0.001	2.2363216537374906
8	Zebra:0.4	aitchison	0.002	2.2430105703477015
9	Zebra:0.45	aitchison	0.003	2.250306165495276
10	Zebra:0.5	aitchison	0.003	2.276315881471709
11	Zebra:0.55	aitchison	0.004	2.3033423569676112
12	Zebra:0.6	aitchison	0.005	2.275190287086584
13	Zebra:0.65	aitchison	0.003	2.2874060142771215
14	Zebra:0.7	aitchison	0.002	2.2852113551650235
15	Zebra:0.75	aitchison	0.005	2.311272930073721
16	Zebra:0.8	aitchison	0.005	2.3258427138203013
17	Zebra:0.85	aitchison	0.003	2.388230460829583
18	Zebra:0.9	aitchison	0.001	2.3546290646657217
19	Zebra:0.95	aitchison	0.001	2.259195267507136
20	Zebra:0.96	aitchison	0.002	2.216671781708126
21	Zebra:0.97	aitchison	0.002	2.275505075569662
22	Zebra:0.98	aitchison	0.001	2.359825722109254
23	Zebra:0.99	aitchison	0.001	2.5802058923133933
24	Zebra:0.999	aitchison	0.01	6.130574853107605
