	analysis_name	metric	pvalue	pseudo-F
0	thresh_0.0	aitchison	0.001	3.466899435075336
1	thresh_0.0	jaccard	0.001	3.27765503050691
2	thresh_0.05	aitchison	0.001	3.743216265056909
3	thresh_0.05	jaccard	0.002	3.515348183370632
4	thresh_0.1	aitchison	0.001	3.8404681757138976
5	thresh_0.1	jaccard	0.001	3.747567129285847
6	thresh_0.15	aitchison	0.001	3.82559599142031
7	thresh_0.15	jaccard	0.001	3.5920657117092425
8	thresh_0.2	aitchison	0.001	3.821337851588052
9	thresh_0.2	jaccard	0.001	3.50680784495012
10	thresh_0.25	aitchison	0.001	3.8084369710925343
11	thresh_0.25	jaccard	0.001	3.5357828884686975
12	thresh_0.3	aitchison	0.001	3.7669665182154133
13	thresh_0.3	jaccard	0.001	3.4276597097016293
14	thresh_0.35	aitchison	0.001	3.7845819108448535
15	thresh_0.35	jaccard	0.002	3.4040274587506394
16	thresh_0.4	aitchison	0.001	3.7889180142190284
17	thresh_0.4	jaccard	0.002	3.3945696613399736
18	thresh_0.45	aitchison	0.001	3.8028262484986874
19	thresh_0.45	jaccard	0.001	3.4454068582282473
20	thresh_0.5	aitchison	0.001	3.708783145865694
21	thresh_0.5	jaccard	0.002	3.1825897751381165
22	thresh_0.55	aitchison	0.001	3.7331154244412685
23	thresh_0.55	jaccard	0.006	3.2410975399330275
24	thresh_0.6	aitchison	0.001	3.7260748707155336
25	thresh_0.6	jaccard	0.001	3.244125308750252
26	thresh_0.65	aitchison	0.001	3.7206789368197906
27	thresh_0.65	jaccard	0.002	3.1867481100084936
28	thresh_0.7	aitchison	0.001	3.7345805038264084
29	thresh_0.7	jaccard	0.001	3.185537353788947
30	thresh_0.75	aitchison	0.001	3.7237187615118192
31	thresh_0.75	jaccard	0.002	3.171580317953012
32	thresh_0.8	aitchison	0.001	3.703759553515244
33	thresh_0.8	jaccard	0.002	3.258526392827066
34	thresh_0.85	aitchison	0.001	3.563647049713514
35	thresh_0.85	jaccard	0.005	3.2010102018887734
36	thresh_0.9	aitchison	0.001	3.514122384801325
37	thresh_0.9	jaccard	0.004	2.9406539732776875
38	thresh_0.95	aitchison	0.001	3.2858266094840443
39	thresh_0.95	jaccard	0.013	2.534612109165459
40	thresh_0.96	aitchison	0.001	3.333277937688453
41	thresh_0.96	jaccard	0.015	2.583572575079003
42	thresh_0.97	aitchison	0.001	3.3719347034240976
43	thresh_0.97	jaccard	0.017	2.6024957089134335
44	thresh_0.98	aitchison	0.001	3.13486150744595
45	thresh_0.98	jaccard	0.018	2.3974064245657685
46	thresh_0.99	aitchison	0.001	2.9206117955515434
47	thresh_0.99	jaccard	0.114	1.6285300154599749
48	thresh_0.999	aitchison	0.003	2.844027956507888
49	thresh_0.999	jaccard	0.081	2.151291011672388
