,Mean Test Acc,Std Dev Test Acc
Literature Curated Subset,0.6586666666666667,0.016149999451109585
All Species,0.6276491228070175,0.020442771893635386
AST,0.6709473684210527,0.01674950675303596
CLR,0.6767017543859651,0.017722116241056893
TMM,0.6745964912280701,0.0194885000554646
