,Mean Test Acc,Std Dev Test Acc
RawSpeciesPaired,0.6276491228070175,0.020442771893635386
RawSpeciesUnpaired,0.6216842105263158,0.016513837522846388
